Workbook

Sheet Risk Register
A1: MERIDIAN TECH SOLUTIONS — INFORMATION SECURITY RISK REGISTER
A2: Framework: NIST SP 800-30 Rev 1 | Owner: GRC Analyst | Last Updated: June 2026 | Version: 1.0
A4: Risk ID | B4: Asset | C4: Asset Owner | D4: Asset Category | E4: Threat | F4: Vulnerability | G4: Likelihood (1–5) | H4: Impact (1–5) | I4: Risk Score (L × I) | J4: Risk Level | K4: Current Controls | L4: Treatment Plan | M4: Residual Risk | N4: Status
A5: R-001 | B5: Employee Laptops | C5: IT Department | D5: End-User Device | E5: Malware / Ransomware Infection | F5: No endpoint detection & response (EDR) solution deployed | G5: 4 | H5: 5 | I5: =G5*H5 | K5: Windows Defender (basic), periodic AV scans | L5: Deploy enterprise EDR solution (CrowdStrike/SentinelOne); enforce automatic OS updates | M5: Medium | N5: In Progress
A6: R-002 | B6: Customer Database (SQL Server) | C6: Database Admin | D6: Data / Information | E6: Unauthorized Data Access | F6: Weak password policy; no multi-factor authentication (MFA) on DB accounts | G6: 3 | H6: 5 | I6: =G6*H6 | K6: Role-based access control (RBAC) partially implemented | L6: Enforce MFA on all database accounts; implement PAM solution; quarterly access reviews | M6: Medium | N6: Open
A7: R-003 | B7: Corporate Email System (M365) | C7: IT Department | D7: Communication System | E7: Phishing / Business Email Compromise (BEC) | F7: Lack of security awareness training; DMARC not fully enforced | G7: 5 | H7: 4 | I7: =G7*H7 | K7: Spam filtering enabled; basic phishing awareness posters | L7: Deploy DMARC/DKIM/SPF enforcement; conduct quarterly phishing simulations; annual security awareness training | M7: High | N7: Open
A8: R-004 | B8: On-Premises File Server | C8: Operations Manager | D8: Data / Information | E8: Insider Threat — Data Exfiltration | F8: No Data Loss Prevention (DLP) controls; excessive user permissions | G8: 2 | H8: 5 | I8: =G8*H8 | K8: Annual access reviews; basic audit logging enabled | L8: Implement DLP solution; enforce least-privilege access; review and remove excessive permissions | M8: Low | N8: Planned
A9: R-005 | B9: VPN / Remote Access Gateway | C9: IT Department | D9: Network Infrastructure | E9: Brute Force / Credential Stuffing Attack | F9: MFA not enforced on VPN; no account lockout policy configured | G9: 4 | H9: 4 | I9: =G9*H9 | K9: SSL VPN deployed; basic logging enabled | L9: Enforce MFA on all VPN connections; configure account lockout after 5 failed attempts; monitor failed login alerts | M9: High | N9: In Progress
A10: R-006 | B10: Cloud Storage (SharePoint Online) | C10: Department Heads | D10: Cloud Service | E10: Misconfigured Public Share Permissions | F10: Users can set folders to 'Anyone with link' without approval | G10: 3 | H10: 4 | I10: =G10*H10 | K10: M365 conditional access policies partially configured | L10: Disable anonymous sharing; require IT approval for external sharing; implement Cloud Access Security Broker (CASB) | M10: Medium | N10: Open
A11: R-007 | B11: Physical Server Room | C11: Facilities Manager | D11: Physical Infrastructure | E11: Unauthorized Physical Access | F11: No badge access control on server room; visitor log paper-based only | G11: 2 | H11: 5 | I11: =G11*H11 | K11: Door lock (key); CCTV coverage in hallway | L11: Install badge reader on server room door; implement digital visitor log; add CCTV inside server room | M11: Low | N11: Planned
A12: R-008 | B12: HR / Payroll Application | C12: HR Director | D12: Business Application | E12: Third-Party Vendor Breach | F12: Vendor security posture not assessed; no contractual security requirements | G12: 3 | H12: 5 | I12: =G12*H12 | K12: Annual vendor contract review | L12: Conduct vendor risk assessment using SIG Lite questionnaire; add security addendum to contract; monitor vendor security advisories | M12: High | N12: Open
A13: R-009 | B13: Network Infrastructure (Core Switch) | C13: IT Department | D13: Network Infrastructure | E13: Unpatched Network Device Firmware | F13: Firmware updates applied ad hoc; no formal patch management schedule | G13: 3 | H13: 4 | I13: =G13*H13 | K13: Manual monthly patch checks; change management process in place | L13: Implement formal patch management policy with monthly firmware update schedule; maintain patch compliance tracking | M13: Medium | N13: In Progress
A14: R-010 | B14: Backup Systems (Veeam) | C14: IT Department | D14: Data / Information | E14: Ransomware Targeting Backup Repository | F14: Backups stored on network share accessible from production environment | G14: 4 | H14: 5 | I14: =G14*H14 | K14: Daily backups; offsite tape rotation weekly | L14: Implement air-gapped / immutable backup storage; test restoration quarterly; enforce 3-2-1 backup rule | M14: Critical | N14: Open
A15: R-011 | B15: Public-Facing Website | C15: Marketing / IT | D15: Web Application | E15: SQL Injection / Web Application Attack | F15: No Web Application Firewall (WAF); last pen test 3 years ago | G15: 3 | H15: 3 | I15: =G15*H15 | K15: HTTPS enforced; basic input validation in code | L15: Deploy WAF; conduct annual web application penetration test; remediate OWASP Top 10 vulnerabilities | M15: Medium | N15: Planned
A16: R-012 | B16: Employee Onboarding Process | C16: HR Director | D16: Process / Procedure | E16: Improper Access Provisioning | F16: No formal access request workflow; IT provisions access based on verbal requests | G16: 4 | H16: 3 | I16: =G16*H16 | K16: Manual provisioning checklist used inconsistently | L16: Implement formal Identity Governance & Administration (IGA) process; require signed access request forms; conduct 30-day new hire access review | M16: Medium | N16: Open
... A19: R-015 | B19: Software Development Pipeline | C19: Dev Team Lead | D19: Development Environment | E19: Insecure Code Deployment — Vulnerability Introduction | F19: No static application security testing (SAST) in CI/CD pipeline; code reviews informal | G19: 3 | H19: 4 | I19: =G19*H19 | K19: Peer code review process; Git version control | L19: Integrate SAST tool (Semgrep/SonarQube) into CI/CD pipeline; establish secure coding standards; conduct developer security training | M19: Medium | N19: Planned

Sheet Risk Summary
A1: RISK SUMMARY DASHBOARD — MERIDIAN TECH SOLUTIONS
A2: Auto-calculated from Risk Register tab | Last Updated: June 2026
A4: Risk Level | B4: Count | C4: % of Total | D4: Treatment Priority
A5: Critical | B5: =COUNTIF('Risk Register'!J5:J100,"Critical") | C5: =B5/B9 | D5: Immediate — within 30 days
A6: High | B6: =COUNTIF('Risk Register'!J5:J100,"High") | C6: =B6/B9 | D6: Short-term — within 90 days
A7: Medium | B7: =COUNTIF('Risk Register'!J5:J100,"Medium") | C7: =B7/B9 | D7: Medium-term — within 180 days
A8: Low | B8: =COUNTIF('Risk Register'!J5:J100,"Low") | C8: =B8/B9 | D8: Long-term — within 12 months
A9: TOTAL | B9: =SUM(B5:B8) | C9: =SUM(C5:C8)
A11: TREATMENT STATUS SUMMARY
A12: Status | B12: Count
A13: Open | B13: =COUNTIF('Risk Register'!N5:N100,"Open")
A14: In Progress | B14: =COUNTIF('Risk Register'!N5:N100,"In Progress")
A15: Planned | B15: =COUNTIF('Risk Register'!N5:N100,"Planned")
A16: Closed | B16: =COUNTIF('Risk Register'!N5:N100,"Closed")

Sheet Methodology & Key
A1: RISK REGISTER METHODOLOGY & SCORING KEY
A3: FRAMEWORK | B3: NIST SP 800-30 Rev 1 — Guide for Conducting Risk Assessments
A4: ORGANIZATION | B4: Meridian Tech Solutions (Fictional — GRC Portfolio Exercise)
A5: ANALYST | B5: Avein Glasper — GRC Portfolio Project, June 2026
A6: SCOPE | B6: Enterprise information systems, data assets, and operational processes
A7: REVIEW CYCLE | B7: Quarterly review; immediate update upon significant change
A10: LIKELIHOOD SCALE
A11: 1 | B11: Rare | C11: Event is unlikely to occur; less than 10% probability in a given year
A12: 2 | B12: Unlikely | C12: Event could occur but is not expected; 10–30% probability
A13: 3 | B13: Possible | C13: Event may occur; roughly 30–60% probability
A14: 4 | B14: Likely | C14: Event is expected to occur in most circumstances; 60–80% probability
A15: 5 | B15: Almost Certain | C15: Event is expected to occur; greater than 80% probability
A18: IMPACT SCALE
A19: 1 | B19: Negligible | C19: Minimal operational impact; no regulatory consequence; recoverable within hours
A20: 2 | B20: Minor | C20: Limited impact; minor regulatory notice possible; recoverable within days
A21: 3 | B21: Moderate | C21: Moderate disruption; regulatory reporting likely; recovery within weeks
A22: 4 | B22: Major | C22: Significant disruption; regulatory fines possible; recovery within months
A23: 5 | B23: Catastrophic | C23: Critical system failure or data breach; severe regulatory/legal consequence; long-term recovery
A26: RISK LEVEL MATRIX (Likelihood × Impact)
A27: Score Range | B27: Risk Level | C27: Color Code | D27: Response Timeline
A28: 20–25 | B28: Critical | C28: Red | D28: Immediate — within 30 days
A29: 12–19 | B29: High | C29: Orange-Red | D29: Short-term — within 90 days
A30: 6–11 | B30: Medium | C30: Yellow | D30: Medium-term — within 180 days
A31: 1–5 | B31: Low | C31: Green | D31: Long-term — within 12 months
